<?xml version="1.0" encoding="UTF-8"?>
<metadata xml:lang="zh"><Esri><CreaDate>20191209</CreaDate><CreaTime>09393000</CreaTime><ArcGISFormat>1.0</ArcGISFormat><SyncOnce>TRUE</SyncOnce><DataProperties><lineage><Process ToolSource="c:\program files (x86)\arcgis\desktop10.5\ArcToolbox\Toolboxes\Spatial Analyst Tools.tbx\ExtractByMask" Date="20190708" Time="162443">ExtractByMask Res_AreaDEM DEM_scale G:\GeoTest\丽水数据\Basin_Subcatchments\ResAreaDEM</Process></lineage><itemProps><itemLocation><linkage Sync="TRUE">file://\\DESKTOP-AR55HBS\D$\Temp\Test_ArcPy\Slope\PreData\resareadem</linkage><protocol Sync="TRUE">Local Area Network</protocol></itemLocation></itemProps><copyHistory><copy source="D:\Temp\SWMM_SAGA\PreData\resareadem" dest="\\DESKTOP-AR55HBS\D$\Temp\Test_ArcPy\Slope\PreData\resareadem" date="20191209" time="09393000"></copy></copyHistory></DataProperties></Esri></metadata>
